,,,,,,,,
,STUDENT INFORMATION,,,,,,,
,STUDENT NUMBER:,,,,,,,
,LAST NAME:,,,,,,,
,FIRST NAME:,,,,,,,
,MIDDLE NAME:,,,,,,,
,SUFFIX:,,,,,,,
,DEGREE PROGRAM:,,,BSSTAT,,,,
,TOTAL UNITS:,,,0,,,,
,GWA:,,,#DIV/0!,,,,
,,,,,,,,
,COURSE NUMBER,GRADE,UNITS,WEIGHT,CUMULATIVE,NO. OF UNITS,TERM,
,,,,0,0,0,I/19/20,
,,,,0,0,,,
,,,,0,0,,,
,,,,0,0,,,
,,,,0,0,,,
,,,,0,0,,,
,,,,0,0,0,II/19/20,
,,,,0,0,,,
,,,,0,0,,,
,,,,0,0,,,
,,,,0,0,,,
,,,,0,0,,,
,,,,0,0,0,I/20/21,
,,,,0,0,,,
,,,,0,0,,,
,,,,0,0,,,
,,,,0,0,,,
,,,,0,0,,,
,,,,0,0,,,
,,,,0,0,0,II/20/21,
,,,,0,0,,,
,,,,0,0,,,
,,,,0,0,,,
,,,,0,0,,,
,,,,0,0,,,
,,,,0,0,,,
,,,,0,0,0,I/21/22,
,,,,0,0,,,
,,,,0,0,,,
,,,,0,0,,,
,,,,0,0,,,
,,,,0,0,,,
,,,,0,0,,,
,,,,0,0,0,II/21/22,
,,,,0,0,,,
,,,,0,0,,,
,,,,0,0,,,
,,,,0,0,,,
,,,,0,0,0,M/21/22,
,,,,0,0,0,I/22/23,
,,,,0,0,,,
,,,,0,0,,,
,,,,0,0,,,
,,,,0,0,,,
,,,,0,0,,,
,,,,0,0,0,II/22/23,
,,,,0,0,,,
,,,,0,0,,,
,,,,0,0,,,
,,,,0,0,,,
,,,,,,,,
,,,,,,,,
,,,,,,,,
,,,,,,,,
,,,,,,,,
,,,,,,,,
,,,,,,,,
,,,,,,,,
,,,,,,,,
,,,,,,,,
,,,,,,,,
,,,,,,,,
,,,,,,,,
,,,,,,,,
,,,,,,,,
,,,,,,,,
,,,,,,,,
,,,,,,,,
,,,,,,,,
,,,,,,,,
,,,,,,,,
,,,,,,,,
,,,,,,,,
,,,,,,,,
,,,,,,,,
,,,,,,,,
,,,,,,,,
,,,,,,,,
,,,,,,,,
,,,,,,,,
,,,,,,,,
,,,,,,,,
,,,,,,,,
,,,,,,,,
,,,,,,,,
,,,,,,,,
,,,,,,,,0